{"cameraMode":{"drawMode":0,"name":"Shaded","section":"Shading Mode"},"sceneLighting":true,"audioPlay":false,"sceneViewState":{"m_AlwaysRefresh":true,"showFog":true,"showSkybox":true,"showFlares":true,"showImageEffects":true,"showParticleSystems":true,"showVisualEffectGraphs":true,"m_FxEnabled":true},"in2DMode":false,"pivot":{"x":0.7870089411735535,"y":2.7025554180145265,"z":-10.201967239379883},"rotation":{"x":0.036300256848335269,"y":-0.0030008964240550997,"z":0.00010892379941651598,"w":0.9993274807929993},"size":1.2247449159622193,"orthographic":false}