{"cameraMode":{"drawMode":0,"name":"Shaded","section":"Shading Mode"},"sceneLighting":true,"audioPlay":false,"sceneViewState":{"m_AlwaysRefresh":false,"showFog":true,"showSkybox":true,"showFlares":true,"showImageEffects":true,"showParticleSystems":true,"showVisualEffectGraphs":true,"m_FxEnabled":true},"in2DMode":false,"pivot":{"x":956.95166015625,"y":366.0520324707031,"z":-1217.3773193359375},"rotation":{"x":-0.048289667814970019,"y":-0.006894316524267197,"z":0.0003332876949571073,"w":-0.9988078474998474},"size":701.3294677734375,"orthographic":false}